https://ensai.fr/etudier-espagne-erasmus-madrid/,"10/08/2020, 08:37:51"
https://ensai.fr/double-diplome-universite-rome-sapienza/,"10/08/2020, 08:40:28"
https://ensai.fr/hdr-gilles-stupfler-ensai/,"10/08/2020, 08:41:41"
https://ensai.fr/bernoulli-ims-one-world-symposium-2020/,"10/08/2020, 08:42:21"
https://ensai.fr/international-label-campus-france/,"10/08/2020, 08:44:58"
https://ensai.fr/le-campus-un-ecrin-de-nature/,"10/08/2020, 08:47:03"
https://ensai.fr/faculty-positions-at-ensai/,"10/08/2020, 08:52:03"
https://ensai.fr/elasticite-prix-electricite-france/,"10/08/2020, 08:52:47"
https://ensai.fr/billet-pourquoi-linflation-europeenne-est-elle-si-faible/,"10/08/2020, 08:59:05"
https://ensai.fr/guerres-commerciales-le-billet-economique-de-stephane-auray-et-aurelien-eyquem/,"10/08/2020, 10:12:47"
https://ensai.fr/position-in-applied-econometrics/,"10/08/2020, 10:13:00"
https://ensai.fr/position-in-computer-science-at-ensai/,"10/08/2020, 10:13:08"
https://ensai.fr/position-in-statistics-at-ensai/,"10/08/2020, 10:13:25"
https://ensai.fr/cybersecurite-cyberschool-ouvre-en-septembre-2020/,"10/08/2020, 10:14:22"
https://ensai.fr/research-position-in-statistics-and-ai/,"10/08/2020, 10:16:56"
https://ensai.fr/julie-boxe/,"10/08/2020, 10:17:44"
https://ensai.fr/formation-statistique-le-capesa-fait-le-pont-entre-lafrique-et-la-france/,"10/08/2020, 10:17:53"
https://ensai.fr/hdr-gilles-stupfler-ensai/,"10/08/2020, 13:52:04"
https://ensai.fr/bernoulli-ims-one-world-symposium-2020/,"10/08/2020, 13:52:21"
https://ensai.fr/metiers-data-science-ensai/,"10/08/2020, 14:04:23"
https://ensai.fr/point-concours/,"10/08/2020, 14:05:29"
https://ensai.fr/ouverture-des-admissions-sur-titre/,"10/08/2020, 14:06:01"
https://ensai.fr/ouverture-des-candidatures-ast-etrangers/,"10/08/2020, 14:08:25"
https://ensai.fr/label-europeen-pour-le-master-evaluation-et-decision-publiques-statistique/,"10/08/2020, 14:10:22"
https://ensai.fr/formation-statistique-le-capesa-fait-le-pont-entre-lafrique-et-la-france/,"10/08/2020, 14:11:17"
https://ensai.fr/disneyland-paris-et-lensai-signent-un-partenariat/,"10/08/2020, 14:11:39"
https://ensai.fr/actu-test/,"10/08/2020, 14:13:22"
https://ensai.fr/intelligence-artificielle-ensai/,"10/08/2020, 14:15:41"
https://ensai.fr/en/aiworldwide-first/,"10/08/2020, 14:15:55"
https://ensai.fr/cybersecurite-cyberschool-ouvre-en-septembre-2020/,"10/08/2020, 14:40:59"
https://ensai.fr/lensai-partenaire-des-eur-rennaises-cyberschool-et-digisport/,"10/08/2020, 14:41:08"
https://ensai.fr/orange-et-lensai-partenaires/,"10/08/2020, 14:51:05"
https://ensai.fr/stephane-auray-trump-franceinfo/,"10/12/2020, 06:15:10"
https://ensai.fr/adrien-saumard-hdr/,"10/13/2020, 06:49:48"
https://ensai.fr/etudier-erasmus-school-economics/,"10/22/2020, 19:09:25"
https://ensai.fr/bancassurance-le-boom-de-la-data-profite-aux-ensaiens/,"10/27/2020, 09:31:42"
https://ensai.fr/ensai-les-indicateurs-2020/,"10/27/2020, 09:43:36"
https://ensai.fr/data-science-marketing-digital/,"10/27/2020, 09:43:43"
https://ensai.fr/les-statistiques-pour-evaluer-les-politiques-publiques/,"10/27/2020, 09:44:02"
https://ensai.fr/charges-diversite-egalite/,"10/27/2020, 09:44:58"
https://ensai.fr/statisticien-public/,"10/27/2020, 09:45:37"
https://ensai.fr/point-concours/,"10/27/2020, 09:45:53"
https://ensai.fr/candidatures-masters/,"10/27/2020, 09:46:01"
https://ensai.fr/ouverture-des-admissions-sur-titre/,"10/27/2020, 09:46:37"
https://ensai.fr/ms-data-science-pour-la-connaissance-client/,"10/27/2020, 09:46:41"
https://ensai.fr/prix-meilleur-projet-tutore-sfds/,"10/27/2020, 09:47:25"
https://ensai.fr/label-europeen-pour-le-master-evaluation-et-decision-publiques-statistique/,"10/27/2020, 09:47:34"
https://ensai.fr/metiers-data-science-ensai/,"10/27/2020, 09:48:06"
https://ensai.fr/challenge-digital-transformer/,"10/27/2020, 09:48:13"
https://ensai.fr/lensai-partenaire-des-eur-rennaises-cyberschool-et-digisport/,"10/27/2020, 09:48:44"
https://ensai.fr/orange-et-lensai-partenaires/,"10/27/2020, 09:48:54"
https://ensai.fr/disneyland-paris-et-lensai-signent-un-partenariat/,"10/27/2020, 09:49:01"
https://ensai.fr/programmes-ingenieur-et-statisticien-public/,"10/27/2020, 09:49:54"
https://ensai.fr/etudier-espagne-erasmus-madrid/,"10/28/2020, 15:24:13"
https://ensai.fr/double-diplome-universite-rome-sapienza/,"10/28/2020, 15:24:37"
https://ensai.fr/le-campus-un-ecrin-de-nature/,"10/28/2020, 15:26:59"
https://ensai.fr/ensai-les-indicateurs-2020/,"10/28/2020, 15:27:47"
https://ensai.fr/bancassurance-le-boom-de-la-data-profite-aux-ensaiens/,"10/28/2020, 15:28:03"
https://ensai.fr/les-statistiques-pour-evaluer-les-politiques-publiques/,"10/28/2020, 15:28:09"
https://ensai.fr/statisticien-public/,"10/28/2020, 15:28:31"
https://ensai.fr/ensai-biostatistique/,"10/28/2020, 15:28:40"
https://ensai.fr/point-covid-19/,"10/28/2020, 15:28:51"
https://ensai.fr/programmes-ingenieur-et-statisticien-public/,"10/30/2020, 14:09:54"
https://ensai.fr/3-minutes-au-coeur-de-lensai/,"10/30/2020, 14:11:54"
https://ensai.fr/data-challenge-yves-rocher/,"10/30/2020, 14:12:49"
https://ensai.fr/trouver-un-logement-le-topo-du-bde-pour-les-admis-a-lensai/,"11/02/2020, 08:52:57"
https://ensai.fr/ines-francaise-deutsche-bundesbank/,"11/04/2020, 14:23:44"
https://ensai.fr/ensai-biostatistique/,"11/04/2020, 14:24:03"
https://ensai.fr/bienvenue-dans-le-service-statistique-public/,"11/04/2020, 14:25:02"
https://ensai.fr/mastere-specialise-data-science-ensai/,"11/04/2020, 14:30:09"
https://ensai.fr/en/stephane-auray-nber/,"11/05/2020, 07:05:31"
https://ensai.fr/data-science-learning-analytics/,"11/06/2020, 14:07:39"
https://ensai.fr/julie-boxe/,"11/06/2020, 15:49:16"
https://ensai.fr/actu-test/,"11/06/2020, 15:49:31"
https://ensai.fr/en/neurosciences-eftychia-solea/,"11/06/2020, 15:49:51"
